{
    "object36": {
        "position": [
            2458.5543352281861, 
            -120.3453905092844, 
            166.54166666666654
        ], 
        "size": null, 
        "rotation": 5.7595865315812844, 
        "color": null, 
        "shape": "block"
    }, 
    "object12": {
        "position": [
            2443.595772535693, 
            -71.037980005757191, 
            65.196666666666644
        ], 
        "size": null, 
        "rotation": 0.26179938779918366, 
        "color": null, 
        "shape": "block"
    }, 
    "object29": {
        "position": [
            2451.4647991809261, 
            -118.69252312689461, 
            132.75999999999985
        ], 
        "size": null, 
        "rotation": 2.3561944901923457, 
        "color": null, 
        "shape": "block"
    }, 
    "object23": {
        "position": [
            2437.3776432636014, 
            -114.75302035582691, 
            101.34499999999989
        ], 
        "size": 2.5, 
        "rotation": 0.0, 
        "color": "red", 
        "shape": "disk"
    }, 
    "object24": {
        "position": [
            2461.2882798945893, 
            -92.037715818294458, 
            115.63249999999985
        ], 
        "size": null, 
        "rotation": 0.78539816339744195, 
        "color": null, 
        "shape": "block"
    }, 
    "object5": {
        "position": [
            2434.4597038839565, 
            -105.38317967507791, 
            31.414999999999988
        ], 
        "size": null, 
        "rotation": 4.7123889803846897, 
        "color": null, 
        "shape": "block"
    }, 
    "object21": {
        "position": [
            2483.9543841120703, 
            -108.83600907359835, 
            98.978333333333268
        ], 
        "size": null, 
        "rotation": 0.52359877559833312, 
        "color": null, 
        "shape": "block"
    }, 
    "object0": {
        "position": [
            2459.2338566104559, 
            -94.263255139764169, 
            14.287499999999993
        ], 
        "size": null, 
        "rotation": 2.3561944901923448, 
        "color": null, 
        "shape": "block"
    }, 
    "object27": {
        "position": [
            2471.1091094457629, 
            -66.494784423179283, 
            132.75999999999982
        ], 
        "size": null, 
        "rotation": 5.4977871437821539, 
        "color": null, 
        "shape": "block"
    }, 
    "object10": {
        "position": [
            2478.9781851407915, 
            -114.14932108678822, 
            65.196666666666644
        ], 
        "size": null, 
        "rotation": 0.26179938779918582, 
        "color": null, 
        "shape": "block"
    }, 
    "object26": {
        "position": [
            2487.3858236652009, 
            -102.41580890745631, 
            132.75999999999982
        ], 
        "size": null, 
        "rotation": 0.78539816339748147, 
        "color": null, 
        "shape": "block"
    }, 
    "object8": {
        "position": [
            2461.2882798945893, 
            -92.037715818294444, 
            48.069166666666653
        ], 
        "size": null, 
        "rotation": 0.78539816339744195, 
        "color": null, 
        "shape": "block"
    }, 
    "object30": {
        "position": [
            2437.3776432636014, 
            -68.684270355826925, 
            135.12666666666655
        ], 
        "size": 2.5, 
        "rotation": 0.0, 
        "color": "pink", 
        "shape": "disk"
    }, 
    "object4": {
        "position": [
            2448.3503288839565, 
            -68.473804675077005, 
            31.414999999999988
        ], 
        "size": null, 
        "rotation": 0.0, 
        "color": null, 
        "shape": "block"
    }, 
    "object19": {
        "position": [
            2438.6195618487077, 
            -76.351293561348953, 
            98.978333333333268
        ], 
        "size": null, 
        "rotation": 3.6651914291881242, 
        "color": null, 
        "shape": "block"
    }, 
    "object20": {
        "position": [
            2477.5293307365132, 
            -69.926240185791556, 
            98.978333333333268
        ], 
        "size": null, 
        "rotation": 5.2359877559829986, 
        "color": null, 
        "shape": "block"
    }, 
    "object22": {
        "position": [
            2483.4463932636004, 
            -68.684270355826229, 
            101.34499999999987
        ], 
        "size": 2.5, 
        "rotation": 0.0, 
        "color": "orange", 
        "shape": "disk"
    }, 
    "object7": {
        "position": [
            2435.9503288839574, 
            -116.0331796750779, 
            33.781666666666659
        ], 
        "size": 2.5, 
        "rotation": 0.0, 
        "color": "green", 
        "shape": "disk"
    }, 
    "object28": {
        "position": [
            2435.1880849614881, 
            -82.771498642617118, 
            132.75999999999985
        ], 
        "size": null, 
        "rotation": 3.9269908169872743, 
        "color": null, 
        "shape": "block"
    }, 
    "object1": {
        "position": [
            2459.0069519209746, 
            -94.006297899606096, 
            17.127499999999994
        ], 
        "size": 3.0, 
        "rotation": 0.0, 
        "color": "yellow", 
        "shape": "disk"
    }, 
    "object14": {
        "position": [
            2437.3776432636009, 
            -68.684270355826939, 
            67.563333333333304
        ], 
        "size": 2.5, 
        "rotation": 0.0, 
        "color": "blue", 
        "shape": "disk"
    }, 
    "object18": {
        "position": [
            2445.0446152242648, 
            -115.26106244915566, 
            98.978333333333268
        ], 
        "size": null, 
        "rotation": 2.0943951023931975, 
        "color": null, 
        "shape": "block"
    }, 
    "object31": {
        "position": [
            2483.4463932636013, 
            -114.75302035582615, 
            135.12666666666655
        ], 
        "size": 2.5, 
        "rotation": 0.0, 
        "color": "cyan", 
        "shape": "disk"
    }, 
    "object16": {
        "position": [
            2461.2883335216738, 
            -92.037719976013292, 
            81.85083333333327
        ], 
        "size": null, 
        "rotation": 2.3561944901923386, 
        "color": null, 
        "shape": "block"
    }, 
    "object9": {
        "position": [
            2461.6308112696638, 
            -94.739722166291628, 
            50.90916666666665
        ], 
        "size": 3.0, 
        "rotation": 0.0, 
        "color": "orange", 
        "shape": "disk"
    }, 
    "object33": {
        "position": [
            2461.6308112696638, 
            -94.7397221662916, 
            152.25416666666655
        ], 
        "size": 3.0, 
        "rotation": 0.0, 
        "color": "green", 
        "shape": "disk"
    }, 
    "object37": {
        "position": [
            2489.0386568526292, 
            -95.326246621477964, 
            166.54166666666654
        ], 
        "size": null, 
        "rotation": 1.0471975511966229, 
        "color": null, 
        "shape": "block"
    }, 
    "object32": {
        "position": [
            2461.2883335216738, 
            -92.037719976013321, 
            149.41416666666652
        ], 
        "size": null, 
        "rotation": 2.3561944901923386, 
        "color": null, 
        "shape": "block"
    }, 
    "object34": {
        "position": [
            2433.5351913403792, 
            -89.861068884840279, 
            166.54166666666652
        ], 
        "size": null, 
        "rotation": 4.1887902047864252, 
        "color": null, 
        "shape": "block"
    }, 
    "object25": {
        "position": [
            2461.6308112696638, 
            -94.739722166291585, 
            118.47249999999985
        ], 
        "size": 3.0, 
        "rotation": 0.0, 
        "color": "yellow", 
        "shape": "disk"
    },